
INSERT INTO Benutzer VALUES ('Benutzer1' ,'Benutzer1');
INSERT INTO Benutzer VALUES ('Benutzer2' ,'Benutzer2');
INSERT INTO Benutzer VALUES ('Benutzer3' ,'Benutzer3');




INSERT INTO Mannschaften (Mannschaftsname) VALUES ('RB Leipzig');
INSERT INTO Mannschaften (Mannschaftsname) VALUES ('FC Bayern');
INSERT INTO Mannschaften (Mannschaftsname) VALUES ('Wolfsburg');
INSERT INTO Mannschaften (Mannschaftsname) VALUES ('Leverkusen');
INSERT INTO Mannschaften (Mannschaftsname) VALUES ('BVB');
INSERT INTO Mannschaften (Mannschaftsname) VALUES ('Freiburg');
INSERT INTO Mannschaften (Mannschaftsname) VALUES ('SGE');
INSERT INTO Mannschaften (Mannschaftsname) VALUES ('Moenchengladbach');
INSERT INTO Mannschaften (Mannschaftsname) VALUES ('Hoffenheim');
INSERT INTO Mannschaften (Mannschaftsname) VALUES ('Schalke');
INSERT INTO Mannschaften (Mannschaftsname) VALUES ('Union Berlin');
INSERT INTO Mannschaften (Mannschaftsname) VALUES ('Fortuna Duesseldorf');
INSERT INTO Mannschaften (Mannschaftsname) VALUES ('Werder Bremen');
INSERT INTO Mannschaften (Mannschaftsname) VALUES ('1.FC Koeln');
INSERT INTO Mannschaften (Mannschaftsname) VALUES ('SC Paderborn');
INSERT INTO Mannschaften (Mannschaftsname) VALUES ('Augsburg');
INSERT INTO Mannschaften (Mannschaftsname) VALUES ('Hertha');
INSERT INTO Mannschaften (Mannschaftsname) VALUES ('Mainz 05');

INSERT INTO Turniere (Turniername) VALUES ('1. Bundesliga');
INSERT INTO Turniere (Turniername) VALUES ('2. Bundesliga');
INSERT INTO Turniere (Turniername) VALUES ('3. Bundesliga');
INSERT INTO Turniere (Turniername) VALUES ('DFB Pokal');




INSERT INTO Spiele (Team1, Team2, ToreT1, ToreT2, Anstossdatum, Anstosszeit,Turnier, Status_Offen, Status_Ergebnis) VALUES (2,17,2,2,'2019-08-16','18:00', 1, false, true );
INSERT INTO Spiele (Team1, Team2, ToreT1, ToreT2, Anstossdatum, Anstosszeit,Turnier, Status_Offen, Status_Ergebnis) VALUES (6,18,3,0,'2019-08-17','18:00', 1, false, true );
INSERT INTO Spiele (Team1, Team2, ToreT1, ToreT2, Anstossdatum, Anstosszeit,Turnier, Status_Offen, Status_Ergebnis) VALUES (5,16,5,1,'2019-08-17','18:00', 1, false, true );
INSERT INTO Spiele (Team1, Team2, ToreT1, ToreT2, Anstossdatum, Anstosszeit,Turnier, Status_Offen, Status_Ergebnis) VALUES (3,14,2,1,'2019-08-17','18:00', 1, false, true );
INSERT INTO Spiele (Team1, Team2, ToreT1, ToreT2, Anstossdatum, Anstosszeit,Turnier, Status_Offen, Status_Ergebnis) VALUES (4,15,3,2,'2019-08-17','18:00', 1, false, true );
INSERT INTO Spiele (Team1, Team2, ToreT1, ToreT2, Anstossdatum, Anstosszeit,Turnier, Status_Offen, Status_Ergebnis) VALUES (13,12,1,3,'2019-08-17','18:00', 1, false, true );
INSERT INTO Spiele (Team1, Team2, ToreT1, ToreT2, Anstossdatum, Anstosszeit,Turnier, Status_Offen, Status_Ergebnis) VALUES (8,10,0,0,'2019-08-17','18:00', 1, false, true );
INSERT INTO Spiele (Team1, Team2, ToreT1, ToreT2, Anstossdatum, Anstosszeit,Turnier, Status_Offen, Status_Ergebnis) VALUES (7,9,1,0,'2019-08-18','18:00', 1, false, true );
INSERT INTO Spiele (Team1, Team2, ToreT1, ToreT2, Anstossdatum, Anstosszeit,Turnier, Status_Offen, Status_Ergebnis) VALUES (11,1,0,4,'2019-08-18','18:00', 1, false, true );
INSERT INTO Spiele (Team1, Team2, ToreT1, ToreT2, Anstossdatum, Anstosszeit,Turnier, Status_Offen, Status_Ergebnis) VALUES (14,5,1,3,'2019-08-23','18:00', 1, false, true );
INSERT INTO Spiele (Team1, Team2, ToreT1, ToreT2, Anstossdatum, Anstosszeit,Turnier, Status_Offen, Status_Ergebnis) VALUES (9,13,3,2,'2019-08-24','18:00', 1, false, true );
INSERT INTO Spiele (Team1, Team2, ToreT1, ToreT2, Anstossdatum, Anstosszeit,Turnier, Status_Offen, Status_Ergebnis) VALUES (18,8,1,3,'2019-08-24','18:00', 1, false, true );
INSERT INTO Spiele (Team1, Team2, ToreT1, ToreT2, Anstossdatum, Anstosszeit,Turnier, Status_Offen, Status_Ergebnis) VALUES (15,6,1,3,'2019-08-24','18:00', 1, false, true );
INSERT INTO Spiele (Team1, Team2, ToreT1, ToreT2, Anstossdatum, Anstosszeit,Turnier, Status_Offen, Status_Ergebnis) VALUES (2,17,2,2,'2019-08-16','18:00', 1, false, true );


INSERT INTO Spiele (Team1, Team2, Anstossdatum, Anstosszeit,Turnier, Status_Offen, Status_Ergebnis) VALUES (2,18,'2019-08-31','18:00', 1, false, false );
INSERT INTO Spiele (Team1, Team2, Anstossdatum, Anstosszeit,Turnier, Status_Offen, Status_Ergebnis) VALUES (1,8,'2019-08-30','18:00', 1, false, false );
INSERT INTO Spiele (Team1, Team2, Anstossdatum, Anstosszeit,Turnier, Status_Offen, Status_Ergebnis) VALUES (4,9,'2019-08-31','18:00', 1, false, false );
INSERT INTO Spiele (Team1, Team2, Anstossdatum, Anstosszeit,Turnier, Status_Offen, Status_Ergebnis) VALUES (10,17,'2019-08-30','18:00', 1, false, false );
INSERT INTO Spiele (Team1, Team2, Anstossdatum, Anstosszeit,Turnier, Status_Offen, Status_Ergebnis) VALUES (3,15,'2019-08-30','18:00', 1, false, false );
INSERT INTO Spiele (Team1, Team2, Anstossdatum, Anstosszeit,Turnier, Status_Offen, Status_Ergebnis) VALUES (6,14,'2019-08-30','18:00', 1, false, false );
INSERT INTO Spiele (Team1, Team2, Anstossdatum, Anstosszeit,Turnier, Status_Offen, Status_Ergebnis) VALUES (11,5,'2019-08-30','18:00', 1, false, false );
INSERT INTO Spiele (Team1, Team2, Anstossdatum, Anstosszeit,Turnier, Status_Offen, Status_Ergebnis) VALUES (13,16,'2019-08-30','18:00', 1, false, false );
INSERT INTO Spiele (Team1, Team2, Anstossdatum, Anstosszeit,Turnier, Status_Offen, Status_Ergebnis) VALUES (2,18,'2019-08-30','18:00', 1, false, false );


INSERT INTO Spiele (Team1, Team2, Anstossdatum, Anstosszeit,Turnier, Status_Offen, Status_Ergebnis) VALUES (11,7,'2019-09-30','18:00', 1, true, false );
INSERT INTO Spiele (Team1, Team2, Anstossdatum, Anstosszeit,Turnier, Status_Offen, Status_Ergebnis) VALUES (9,8,'2019-09-30','18:00', 1, true, false );
INSERT INTO Spiele (Team1, Team2, Anstossdatum, Anstosszeit,Turnier, Status_Offen, Status_Ergebnis) VALUES (18,3,'2019-09-30','18:00', 1, true, false );
INSERT INTO Spiele (Team1, Team2, Anstossdatum, Anstosszeit,Turnier, Status_Offen, Status_Ergebnis) VALUES (16,4,'2019-09-30','18:00', 1, true, false );
INSERT INTO Spiele (Team1, Team2, Anstossdatum, Anstosszeit,Turnier, Status_Offen, Status_Ergebnis) VALUES (15,2,'2019-09-30','18:00', 1, true, false );
INSERT INTO Spiele (Team1, Team2, Anstossdatum, Anstosszeit,Turnier, Status_Offen, Status_Ergebnis) VALUES (1,10,'2019-09-30','18:00', 1, true, false );
INSERT INTO Spiele (Team1, Team2, Anstossdatum, Anstosszeit,Turnier, Status_Offen, Status_Ergebnis) VALUES (5,13,'2019-09-30','18:00', 1, true, false );
INSERT INTO Spiele (Team1, Team2, Anstossdatum, Anstosszeit,Turnier, Status_Offen, Status_Ergebnis) VALUES (12,6,'2019-09-30','18:00', 1, true, false );
INSERT INTO Spiele (Team1, Team2, Anstossdatum, Anstosszeit,Turnier, Status_Offen, Status_Ergebnis) VALUES (14,17,'2019-09-30','18:00', 1, true, false );


INSERT INTO Tipps (SpielID, Benutzer, TippTore1, TippTore2) VALUES (1,'Benutzer1',2, 2);
INSERT INTO Tipps (SpielID, Benutzer, TippTore1, TippTore2) VALUES (1,'Benutzer2',3, 3);
INSERT INTO Tipps (SpielID, Benutzer, TippTore1, TippTore2) VALUES (1,'Benutzer3',8, 0);
INSERT INTO Tipps (SpielID, Benutzer, TippTore1, TippTore2) VALUES (2,'Benutzer1',3, 0);
INSERT INTO Tipps (SpielID, Benutzer, TippTore1, TippTore2) VALUES (2,'Benutzer2',5, 2);
INSERT INTO Tipps (SpielID, Benutzer, TippTore1, TippTore2) VALUES (2,'Benutzer3',0, 0);
INSERT INTO Tipps (SpielID, Benutzer, TippTore1, TippTore2) VALUES (3,'Benutzer1',5, 1);
INSERT INTO Tipps (SpielID, Benutzer, TippTore1, TippTore2) VALUES (3,'Benutzer2',6, 1);
INSERT INTO Tipps (SpielID, Benutzer, TippTore1, TippTore2) VALUES (3,'Benutzer3',2, 2);
INSERT INTO Tipps (SpielID, Benutzer, TippTore1, TippTore2) VALUES (4,'Benutzer1',2, 1);
INSERT INTO Tipps (SpielID, Benutzer, TippTore1, TippTore2) VALUES (4,'Benutzer2',2, 0);
INSERT INTO Tipps (SpielID, Benutzer, TippTore1, TippTore2) VALUES (4,'Benutzer3',5, 2);

INSERT INTO Tipps (SpielID, Benutzer, TippTore1, TippTore2) VALUES (30,'Benutzer1',2, 2);
INSERT INTO Tipps (SpielID, Benutzer, TippTore1, TippTore2) VALUES (30,'Benutzer2',5, 3);
INSERT INTO Tipps (SpielID, Benutzer, TippTore1, TippTore2) VALUES (30,'Benutzer3',4, 5);
INSERT INTO Tipps (SpielID, Benutzer, TippTore1, TippTore2) VALUES (29,'Benutzer1',1, 2);
INSERT INTO Tipps (SpielID, Benutzer, TippTore1, TippTore2) VALUES (29,'Benutzer2',0, 0);
INSERT INTO Tipps (SpielID, Benutzer, TippTore1, TippTore2) VALUES (29,'Benutzer3',3, 3);
INSERT INTO Tipps (SpielID, Benutzer, TippTore1, TippTore2) VALUES (28,'Benutzer1',5, 2);
INSERT INTO Tipps (SpielID, Benutzer, TippTore1, TippTore2) VALUES (28,'Benutzer2',1, 3);
INSERT INTO Tipps (SpielID, Benutzer, TippTore1, TippTore2) VALUES (28,'Benutzer3',0, 2);



